{
  "path_elements": [
    {
      "type": "translation",
      "x_meters": 10.127602211778514,
      "y_meters": 4.759861696256541,
      "intermediate_handoff_radius_meters": 0.25
    },
    {
      "type": "event_trigger",
      "t_ratio": 0.5000000000000009,
      "lib_key": "test1"
    },
    {
      "type": "translation",
      "x_meters": 11.138374221808974,
      "y_meters": 4.753224026238958,
      "intermediate_handoff_radius_meters": 0.25
    },
    {
      "type": "waypoint",
      "translation_target": {
        "x_meters": 13.271779774206143,
        "y_meters": 3.659848910751931,
        "intermediate_handoff_radius_meters": 0.25
      },
      "rotation_target": {
        "rotation_radians": -1.457700607887588,
        "profiled_rotation": true
      }
    }
  ]
}